,load_time,exec_time,total_time
count,6.0,6.0,6.0
mean,426.4333333333332,107.80000000000001,534.2333333333335
std,9.231612354657596,22.457426388613637,26.682253777870166
min,417.4,84.2,506.0
25%,421.3,89.9,513.3
50%,422.7,108.3,534.6
75%,430.25,115.44999999999999,543.9
max,442.2,144.4,577.0
