,load_time,exec_time,total_time
count,6.0,6.0,6.0
mean,218.33333333333334,109.66666666666667,328.0
std,5.573747990954261,23.209193580705616,26.49528259898354
min,212.0,84.0,298.0
25%,215.0,91.0,305.0
50%,218.0,111.5,330.5
75%,219.5,118.5,344.0
max,228.0,146.0,364.0
