,load_time,exec_time,total_time
count,6.0,6.0,6.0
mean,759.5,209.83333333333334,969.3333333333334
std,16.121414330014595,126.84071375810949,126.17870924473219
min,735.0,80.0,835.0
25%,752.75,101.0,875.5
50%,758.0,206.0,962.5
75%,771.5,274.25,1013.5
max,779.0,404.0,1179.0
