,load_time,exec_time,total_time
count,6.0,6.0,6.0
mean,1891.5,216.5,2108.0
std,21.630996278488883,123.08005524860639,123.62362233812759
min,1864.0,86.0,1971.0
25%,1876.0,119.25,2006.0
50%,1892.0,206.0,2118.0
75%,1904.25,278.5,2161.75
max,1922.0,408.0,2296.0
