,netw_time,reas_time,total_time
count,5.0,5.0,5.0
mean,3440.2,13817.6,17257.8
std,46.58540543990145,22355.295352555735,22351.578214971756
min,3382.0,44.0,3430.0
25%,3418.0,48.0,3469.0
50%,3425.0,942.0,4430.0
75%,3488.0,16179.0,19667.0
max,3488.0,51875.0,55293.0
