,netw_time,reas_time,total_time
count,6.0,6.0,6.0
mean,3687.8333333333335,210.16666666666666,3898.0
std,48.01839925139807,209.91847623938838,198.16155025635018
min,3641.0,15.0,3663.0
25%,3659.75,29.5,3750.75
50%,3671.5,182.0,3899.5
75%,3703.5,336.0,3995.75
max,3773.0,516.0,4197.0
