,netw_time,reas_time,total_time
count,4.0,4.0,4.0
mean,310.9,370.40000000000003,681.3
std,7.544534445543994,217.02135071616036,221.2501751411736
min,301.8,65.0,366.8
25%,306.15000000000003,325.85,639.35
50%,312.20000000000005,419.20000000000005,736.3
75%,316.95,463.75,778.25
max,317.4,578.2,885.8
