,netw_time,reas_time,total_time
count,6.0,6.0,6.0
mean,3663.0,962.6666666666666,4625.666666666667
std,18.536450577173614,1872.8463542604522,1865.5565032093416
min,3642.0,2.0,3666.0
25%,3650.5,12.0,3698.5
50%,3658.0,206.0,3872.0
75%,3677.5,547.75,4191.75
max,3688.0,4753.0,8405.0
