,netw_time,reas_time,total_time
count,6.0,6.0,6.0
mean,299.7666666666667,924.8000000000001,1224.5666666666666
std,3.3115957885386216,1729.778251684302,1730.1832847032902
min,295.2,2.0,298.4
25%,297.34999999999997,15.8,317.45000000000005
50%,300.7,252.0,550.5
75%,301.65,580.6,881.95
max,303.8,4415.6,4715.8
