,netw_time,reas_time,total_time
count,5.0,5.0,5.0
mean,3435.4,19153.2,22588.6
std,18.83613548475377,33582.88846570528,33566.10700245115
min,3405.0,28.0,3463.0
25%,3431.0,32.0,3475.0
50%,3441.0,982.0,4435.0
75%,3447.0,16881.0,20322.0
max,3453.0,77843.0,81248.0
