,netw_time,reas_time,total_time
count,6.0,6.0,6.0
mean,306.8333333333333,1049.1666666666667,1356.0
std,7.151410117359142,1883.05725634317,1884.8681609067514
min,296.4,58.0,365.2
25%,303.90000000000003,84.94999999999999,396.65000000000003
50%,306.0,332.3,638.6
75%,310.65,618.0500000000001,916.55
max,317.2,4856.6,5168.4
