,netw_time,reas_time,total_time
count,5.0,5.0,5.0
mean,3419.8,52047.4,55467.2
std,38.34318713930807,95820.58747889202,95824.78068954815
min,3363.0,555.0,3983.0
25%,3406.0,883.0,4289.0
50%,3428.0,1523.0,4989.0
75%,3436.0,35977.0,39340.0
max,3466.0,221299.0,224735.0
