,netw_time,reas_time,total_time
count,6.0,6.0,6.0
mean,3663.6666666666665,6802.666666666667,10466.333333333334
std,38.51579762469767,16042.944825270286,16056.592374058284
min,3623.0,59.0,3714.0
25%,3632.0,73.75,3747.5
50%,3659.5,285.5,3956.0
75%,3687.75,548.25,4180.25
max,3720.0,39547.0,43239.0
